{
    "loss": 14.341344833374023,
    "accuracy": 0.5686274766921997
}