{
    "loss": 23.04939842224121,
    "accuracy": 0.5686274766921997
}